{"cameraMode":{"drawMode":0,"name":"Shaded","section":"Shading Mode"},"sceneLighting":true,"audioPlay":false,"sceneViewState":{"showFog":true,"showMaterialUpdate":false,"showSkybox":true,"showFlares":true,"showImageEffects":true,"showParticleSystems":true},"in2DMode":false,"pivot":{"x":22.16272735595703,"y":-1.7819271087646485,"z":-4.668434143066406},"rotation":{"x":0.16625624895095826,"y":0.756359338760376,"z":-0.21080262959003449,"w":0.5965261459350586},"size":30.03696632385254,"orthographic":false}