{"cameraMode":{"drawMode":0,"name":"Shaded","section":"Shading Mode"},"sceneLighting":true,"audioPlay":false,"sceneViewState":{"showFog":true,"showMaterialUpdate":false,"showSkybox":true,"showFlares":true,"showImageEffects":true,"showParticleSystems":true},"in2DMode":false,"pivot":{"x":1.6994696855545045,"y":18.43161964416504,"z":-16.561948776245118},"rotation":{"x":0.04632127657532692,"y":0.7895805239677429,"z":-0.060034070163965228,"w":0.6089885234832764},"size":12.190722465515137,"orthographic":true}