{"cameraMode":{"drawMode":0,"name":"Shaded","section":"Shading Mode"},"sceneLighting":false,"audioPlay":false,"sceneViewState":{"showFog":true,"showMaterialUpdate":false,"showSkybox":false,"showFlares":true,"showImageEffects":true,"showParticleSystems":true},"in2DMode":false,"pivot":{"x":-6.5262579917907719,"y":-2.0179481506347658,"z":-0.8329582214355469},"rotation":{"x":0.4912957549095154,"y":0.04987098276615143,"z":-0.02818591706454754,"w":0.86911541223526},"size":25.265518188476564,"orthographic":false}