{"cameraMode":{"drawMode":0,"name":"Shaded","section":"Shading Mode"},"sceneLighting":true,"audioPlay":false,"sceneViewState":{"showFog":true,"showMaterialUpdate":false,"showSkybox":true,"showFlares":true,"showImageEffects":true,"showParticleSystems":true},"in2DMode":false,"pivot":{"x":0.01890464685857296,"y":14.124423027038575,"z":-13.85216236114502},"rotation":{"x":0.02930527925491333,"y":0.7061169147491455,"z":-0.029225707054138185,"w":0.7069420218467712},"size":8.616262435913086,"orthographic":true}