{"cameraMode":{"drawMode":0,"name":"Shaded","section":"Shading Mode"},"sceneLighting":false,"audioPlay":false,"sceneViewState":{"showFog":true,"showMaterialUpdate":false,"showSkybox":false,"showFlares":true,"showImageEffects":true,"showParticleSystems":true},"in2DMode":false,"pivot":{"x":-10.520000457763672,"y":-0.008999999612569809,"z":-9.779999732971192},"rotation":{"x":0.23241068422794343,"y":-0.650813639163971,"z":0.2196526974439621,"w":0.6886149644851685},"size":5.024937629699707,"orthographic":false}