{"cameraMode":{"drawMode":0,"name":"Shaded","section":"Shading Mode"},"sceneLighting":true,"audioPlay":false,"sceneViewState":{"showFog":true,"showMaterialUpdate":false,"showSkybox":true,"showFlares":true,"showImageEffects":true,"showParticleSystems":true},"in2DMode":false,"pivot":{"x":0.5943161845207214,"y":14.694012641906739,"z":-14.530333518981934},"rotation":{"x":0.08400912582874298,"y":0.6859457492828369,"z":-0.08019129186868668,"w":0.7183660268783569},"size":14.537662506103516,"orthographic":true}