{"cameraMode":{"drawMode":0,"name":"Shaded","section":"Shading Mode"},"sceneLighting":true,"audioPlay":false,"sceneViewState":{"showFog":true,"showMaterialUpdate":false,"showSkybox":true,"showFlares":true,"showImageEffects":true,"showParticleSystems":true},"in2DMode":false,"pivot":{"x":0.01890464685857296,"y":14.124423027038575,"z":-13.85216236114502},"rotation":{"x":0.10088613629341126,"y":0.5108568072319031,"z":-0.06048711761832237,"w":0.8516273498535156},"size":8.616262435913086,"orthographic":true}