{"cameraMode":{"drawMode":0,"name":"Shaded","section":"Shading Mode"},"sceneLighting":true,"audioPlay":false,"sceneViewState":{"showFog":true,"showMaterialUpdate":false,"showSkybox":true,"showFlares":true,"showImageEffects":true,"showParticleSystems":true},"in2DMode":false,"pivot":{"x":574.5390625,"y":289.97412109375,"z":119.78125},"rotation":{"x":-0.008052513003349305,"y":-0.11493340134620667,"z":-0.0008986814646050334,"w":0.9933838248252869},"size":555.2247314453125,"orthographic":true}